,attendance_rate,lms_logins,lms_activity_minutes,assignment_completion_rate,late_submissions,assessment_score,help_requests,feedback_score,disengagement_label
attendance_rate,1.0,0.001277806035830431,0.000677042756473025,-0.007443372503099435,0.014181639903385914,-0.0014371831550855304,-0.0025173153231226766,-0.0106758450037208,-0.06828112819399837
lms_logins,0.001277806035830431,1.0,-0.003887489825908858,0.004208340447229113,0.001549135837748648,-0.008345914403528117,0.006428019078559369,-0.014005067417190839,-0.020760368502775465
lms_activity_minutes,0.000677042756473025,-0.003887489825908858,1.0,0.017951036890255765,0.011489669670541953,-0.0007615936438920649,-0.005968820271321674,-0.0047773917816258575,-0.5841691342441155
assignment_completion_rate,-0.007443372503099435,0.004208340447229113,0.017951036890255765,1.0,-0.0008950369235333996,-0.008141828347982315,0.000581050886481473,-0.012243243658049427,-0.12147876674154984
late_submissions,0.014181639903385914,0.001549135837748648,0.011489669670541953,-0.0008950369235333996,1.0,0.016596485928254422,0.008444289074481404,0.004598199982880385,0.17007853755784086
assessment_score,-0.0014371831550855304,-0.008345914403528117,-0.0007615936438920649,-0.008141828347982315,0.016596485928254422,1.0,-0.020393351386614248,0.00405142695680313,-0.10053949843131983
help_requests,-0.0025173153231226766,0.006428019078559369,-0.005968820271321674,0.000581050886481473,0.008444289074481404,-0.020393351386614248,1.0,0.00945640827963593,0.2081765247241593
feedback_score,-0.0106758450037208,-0.014005067417190839,-0.0047773917816258575,-0.012243243658049427,0.004598199982880385,0.00405142695680313,0.00945640827963593,1.0,-0.29108756225078436
disengagement_label,-0.06828112819399837,-0.020760368502775465,-0.5841691342441155,-0.12147876674154984,0.17007853755784086,-0.10053949843131983,0.2081765247241593,-0.29108756225078436,1.0
